연번,사업장명,소재지지번주소,소재지도로명주소,데이터기준일자
1,역마차커피숍,인천광역시 중구 참외전로 131-6 (인현동),인천광역시 중구 인현동 1 ,2022-08-12
2,카페미투,"인천광역시 중구 월미문화로 39, 1,2~옥상층 (북성동1가)",인천광역시 중구 북성동1가 98-339 ,2022-08-12
3,커피올레,"인천광역시 중구 연안부두로 16, 227호 (항동7가, 해양센타)",인천광역시 중구 항동7가 60 227호 ,2022-08-12
4,동인천커피숍,"인천광역시 중구 큰우물로 29 (인현동, 2층)",인천광역시 중구 인현동 22-36 2층 ,2022-08-12
5,스타벅스인천공항랜드점,"인천광역시 중구 공항로 272, 일반동 지하1층 (운서동, 인천국제공항여객터미널)",인천광역시 중구 운서동 2851 여객터미널 지하1층 2-40-02구역 ,2022-08-12
6,카페 잔피,"인천광역시 중구 송학로 13-1, 2층 (송학동2가)",인천광역시 중구 송학동2가 1-3 ,2022-08-12
7,카페오라,"인천광역시 중구 용유서로 380 (을왕동, 지하1층,지상1층)","인천광역시 중구 을왕동 773-61 지하1층,지상1층 ",2022-08-12
8,까로치아,"인천광역시 중구 공항로 272 (운서동, 화물터미널C 운송대리점 1층)",인천광역시 중구 운서동 2851 화물터미널C 운송대리점 1층 ,2022-08-12
9,인천브릿지 커피,"인천광역시 중구 인천대교고속도로 3, 1층 (운남동, 인천대교기념관)",인천광역시 중구 운남동 1113-70 외8필지 인천대교기념관 1층 ,2022-08-12
10,담쟁이넝쿨,"인천광역시 중구 자유공원남로 12 (송학동1가, 9번지 3층)",인천광역시 중구 송학동1가 9 3층 ,2022-08-12
11,탐앤탐스,"인천광역시 중구 내동 101 ,101-2 번지(1, 2층) ","인천광역시 중구 내동 101 ,101-2 번지(1, 2층) ",2022-08-12
12,영종도 박양우 커피집(Yeongjongdo Park's coffee House),"인천광역시 중구 운서로 3, 1층 (운서동)",인천광역시 중구 운서동 3060-31 1층 ,2022-08-12
13,이디야,"인천광역시 중구 인중로 134 (신생동, 이마트2층)",인천광역시 중구 신생동 38 이마트2층 ,2022-08-12
14,파스쿠찌(신포로데오점),"인천광역시 중구 개항로 29-1 (내동, 1층,2층)","인천광역시 중구 내동 98-4 1,2층 ",2022-08-12
15,케빈커피숍,"인천광역시 중구 차이나타운로 33, 101호 (북성동3가)",인천광역시 중구 북성동3가 3-36 101호 ,2022-08-12
16,아미가,"인천광역시 중구 송학로 11-1, 1층 (송학동2가)",인천광역시 중구 송학동2가 1-9 ,2022-08-12
17,웨이루 쿼쿠이 인천차이나타운점,"인천광역시 중구 차이나타운로44번길 7, 지하1층 (북성동2가)",인천광역시 중구 북성동2가 10-6 외1필지 지하1층 ,2022-08-12
18,띠아모 경동점,인천광역시 중구 개항로 63-1 (경동),인천광역시 중구 경동 239-13 외 1필지(1층) ,2022-08-12
19,카페엔느,"인천광역시 중구 연안부두로 36 (항동7가, 외1필지 연안부두해양광장(2층))",인천광역시 중구 항동7가 58-1 외1필지 연안부두해양광장(2층) ,2022-08-12
20,커피스카이존(coffee sky zone),인천광역시 중구 운서동 2165-160 화물터미널B 114-1 ,인천광역시 중구 운서동 2165-160 화물터미널B 114-1 ,2022-08-12
21,애니 데이,"인천광역시 중구 참외전로 190 (율목동, 1층)",인천광역시 중구 율목동 1-33 1층 ,2022-08-12
22,베네 동인천역점,"인천광역시 중구 우현로 79-3 (인현동, 지하1층, 지상1,2층)","인천광역시 중구 인현동 29-28 외 1필지(지하1층, 지상1,2층) ",2022-08-12
23,커피생각,"인천광역시 중구 큰우물로 1, 1층 (경동)",인천광역시 중구 경동 214-3 1층 ,2022-08-12
24,카페팟알,"인천광역시 중구 신포로27번길 96-2 (관동1가, 1층)",인천광역시 중구 관동1가 17 1층 ,2022-08-12
25,더벤티(the venti),"인천광역시 중구 공항동로193번길 116, 112호 (운서동, 대한항공운송대리점)",인천광역시 중구 운서동 2851-20 운송대리점 112호 ,2022-08-12
26,올렌스,"인천광역시 중구 제물량로166번길 38 (내동, 1층,2층)","인천광역시 중구 내동 215-10 1층,2층 ",2022-08-12
27,공익까페파구스,"인천광역시 중구 개항로53번길 21 (내동, 1층)",인천광역시 중구 내동 166 ,2022-08-12
28,빨강지붕,인천광역시 중구 용유서로525번길 4-1 (을왕동),인천광역시 중구 을왕동 912-22 ,2022-08-12
29,커피포트,"인천광역시 중구 공항로424번길 47, 1층 (운서동, 인천국제공항공사)",인천광역시 중구 운서동 2850 ,2022-08-12
30,싸리재,"인천광역시 중구 개항로 89-1 (경동, 1층,2층)","인천광역시 중구 경동 169 1층,2층 ",2022-08-12
31,이디야커피(동인천점),"인천광역시 중구 우현로 71-1 (인현동, 1층)",인천광역시 중구 인현동 58-1 1층 ,2022-08-12
32,동화마을(cafe),인천광역시 중구 동화마을길 27-11 (송월동3가),인천광역시 중구 송월동3가 11-80 1층 ,2022-08-12
33,이디야 인천차이나타운점,"인천광역시 중구 차이나타운로44번길 25 (북성동2가, 1층)",인천광역시 중구 북성동2가 11-6 1층 ,2022-08-12
34,이디야커피 인천운서점,"인천광역시 중구 운서3로 1, 1층 102,103호 (운서동)","인천광역시 중구 운서동 2888-5 102,1호",2022-08-12
35,이디야,인천광역시 중구 운중로 45 (운남동),인천광역시 중구 운남동 123-1 ,2022-08-12
36,투썸플레이스인천영종도점,"인천광역시 중구 하늘별빛로 71, 102,103,201호 (중산동, 타임프라자)","인천광역시 중구 중산동 1882-12 타임프라자 102,103,201호 ",2022-08-12
37,우리동네,"인천광역시 중구 연안부두로33번길 13 (항동7가, 1층)",인천광역시 중구 항동7가 27-119 1층 ,2022-08-12
38,카페오즈,"인천광역시 중구 동화마을길 21-19 (송월동3가, 1층2층3층)","인천광역시 중구 송월동3가 11-93 1층,2층3층 ",2022-08-12
39,갤러리카페59,"인천광역시 중구 송학로 59 (송학동2가, 2층)",인천광역시 중구 송학동2가 6-1 2층 ,2022-08-12
40,콜라보,"인천광역시 중구 신도시남로149번길 1, 3층 303호 (운서동, 다모아프라자)",인천광역시 중구 운서동 2798-4 다모아프라자 303호 ,2022-08-12
41,추억의 박물관,"인천광역시 중구 월미문화로 95 (북성동1가, 문타운 112호)",인천광역시 중구 북성동1가 98-577 문타운 112호 ,2022-08-12
42,크리스피크림인천공항1층점,"인천광역시 중구 공항로 272, 일반동 1층 (운서동, 인천국제공항여객터미널)",인천광역시 중구 운서동 2851 인천공항여객터미널1층 FB-P3-79 ,2022-08-12
43,이디야 공항신도시점,"인천광역시 중구 신도시남로 131, 1층 (운서동)",인천광역시 중구 운서동 2795-2 ,2022-08-12
44,엔제리너스인천공항 A/S 서편점,"인천광역시 중구 공항로 272, 면세동 3층 (운서동, 인천국제공항여객터미널)",인천광역시 중구 운서동 2851 인천국제공항여객터미널3층FB-P5-27 ,2022-08-12
45,AMAAMA(아마아마),"인천광역시 중구 자유공원로 22-1 (전동, 1층)",인천광역시 중구 전동 19-11 1층 ,2022-08-12
46,(주)커피빈코리아 인천공항탑승동 105GATE앞점,"인천광역시 중구 공항로 272, 탑승동 3층 (운서동, 인천국제공항여객터미널)",인천광역시 중구 운서동 2851 인천국제공항 탑승동(A/S) 3층 (FB-C5-68) ,2022-08-12
47,(주)커피빈코리아 인천공항 탑승동 130GATE앞점,"인천광역시 중구 공항로 272, 탑승동 3층 (운서동, 인천국제공항여객터미널)",인천광역시 중구 운서동 2851 인천국제공항 탑승동(A/S) 3층 (FB-C5-57) ,2022-08-12
48,공차,"인천광역시 중구 신포로 35-1 (관동3가, 1층)",인천광역시 중구 관동3가 1-4 1층 ,2022-08-12
49,카페쉐어링(영종도점),"인천광역시 중구 자유무역로 191, 1층 (운서동, 스태츠칩팩코리아 )",인천광역시 중구 운서동 2091-104 ,2022-08-12
50,엔제리너스 인천공항 A/S 동편점,"인천광역시 중구 공항로 272, 면세동 3층 (운서동, 인천국제공항여객터미널)",인천광역시 중구 운서동 2851 인천국제공항 여객터미널(A/S) FB-P5-43 ,2022-08-12
51,쏘쿨에이드앤티,인천광역시 중구 차이나타운로 28 (북성동2가),인천광역시 중구 북성동2가 9-60 1층 ,2022-08-12
52,카페라브리,"인천광역시 중구 동화마을길 65, 지하1층 (송월동3가)",인천광역시 중구 송월동3가 3-6 송월교회 지하1층 ,2022-08-12
53,coffee MUG,"인천광역시 중구 우현로 67 (답동, 지하상가 55호)",인천광역시 중구 답동 24-3 지하상가 55호 ,2022-08-12
54,소소,"인천광역시 중구 연안부두로128번길 41 (항동7가, 1층)",인천광역시 중구 항동7가 82-7 1층 ,2022-08-12
55,빽다방 인천차이나타운점,"인천광역시 중구 차이나타운로 24-2 (북성동2가, 1층)",인천광역시 중구 북성동2가 8-25 1층 ,2022-08-12
56,이디야커피 인천공항 아이비씨점,"인천광역시 중구 공항로424번길 66, 103호 (운서동, 에클라트)",인천광역시 중구 운서동 2850-6 에클라트 103호,2022-08-12
57,동빵,"인천광역시 중구 우현로49번길 25 (신포동, 1층)",인천광역시 중구 신포동 7-24 1층 ,2022-08-12
58,nos(노스),인천광역시 중구 연안부두로 70 (항동7가),인천광역시 중구 항동7가 88 ,2022-08-12
59,블루밍카페,인천광역시 중구 참외전로72번길 7 (전동),인천광역시 중구 전동 12-4 ,2022-08-12
60,스타벅스 인천공항중앙점,"인천광역시 중구 공항로 272, 면세동 3층 (운서동, 인천국제공항여객터미널)",인천광역시 중구 운서동 2840 ,2022-08-12
61,(주)달콤커피 백년탑주유소점,"인천광역시 중구 축항대로 245 (항동7가, 백년탑주유소내)",인천광역시 중구 항동7가 57-13 백년탑주유소내 ,2022-08-12
62,주옥,"인천광역시 중구 참외전로56번길 31, 1층 (전동)",인천광역시 중구 전동 13-6 1층 ,2022-08-12
63,셀렉토 커피 인천공항 IBC점,"인천광역시 중구 공항로424번길 60, 107호 (운서동, 대우스카이월드)",인천광역시 중구 운서동 2850-5 대우스카이월드 107호,2022-08-12
64,관동오리진,"인천광역시 중구 신포로27번길 96 (관동1가, 1층)",인천광역시 중구 관동1가 14-3 1층 ,2022-08-12
65,카페 테이블 홍예,"인천광역시 중구 홍예문로 26-1 (송학동3가, 1층)",인천광역시 중구 송학동3가 7-11 1층 ,2022-08-12
66,꿈꾸는뿔인형극카페&갤러리,"인천광역시 중구 자유공원로 129 (송월동3가, 1층2층)","인천광역시 중구 송월동3가 10-6 1,2층 ",2022-08-12
67,도도(빙수&커피),"인천광역시 중구 우현로 92, 1층 (인현동)",인천광역시 중구 인현동 22-39 1층 ,2022-08-12
68,홍루이젠,"인천광역시 중구 참외전로 117-9 (인현동, 1층)",인천광역시 중구 인현동 1-19 1층 ,2022-08-12
69,그리다썸,"인천광역시 중구 용유서로 272, 2층 (을왕동)",인천광역시 중구 을왕동 689-1 2층 ,2022-08-12
70,아미가Ⅱ,"인천광역시 중구 송학로 11-1 (송학동2가, 2층)",인천광역시 중구 송학동2가 1-9 2층 ,2022-08-12
71,도라미상점,"인천광역시 중구 동화마을안길 41 (송월동3가, 1층)",인천광역시 중구 송월동3가 3-157 1층 ,2022-08-12
72,해송전망대카페,"인천광역시 중구 공항서로 177, 3층 (남북동)",인천광역시 중구 남북동 16-33 3층 ,2022-08-12
73,펫38도씨,"인천광역시 중구 운중로 99, 1층 (운남동)",인천광역시 중구 운남동 22-4 1층 ,2022-08-12
74,지하다방,"인천광역시 중구 우현로 지하 69 (인현동, 중앙로지하상가 특5호)",인천광역시 중구 인현동 84-1 중앙로지하상가 특5호 ,2022-08-12
75,커피에 반하다 공항신도시점,"인천광역시 중구 신도시남로141번길 9, 108일부,109호 (운서동, 골든프라자)","인천광역시 중구 운서동 2796-1 골든프라자 108일부,109호 ",2022-08-12
76,32파르페&카페,"인천광역시 중구 우현로49번길 33 (신포동, 1층)",인천광역시 중구 신포동 10-1 1층 ,2022-08-12
77,마시랑 빵카페,"인천광역시 중구 마시란로 163, 1~2층 (덕교동)",인천광역시 중구 덕교동 615-5 ,2022-08-12
78,빽다방동인천역점,"인천광역시 중구 자유공원로 5 (인현동, 1층2층)",인천광역시 중구 인현동 20-1 1층2층 ,2022-08-12
79,홍익갤러리,"인천광역시 중구 하늘별빛로65번길 7-4, 404호 (중산동, 현대프라자)",인천광역시 중구 중산동 1885-1 현대프라자 404호,2022-08-12
80,타임플러스,"인천광역시 중구 운서로7번길 15, 지하1~1층 102호 (운서동)",인천광역시 중구 운서동 3060-24 ,2022-08-12
81,컴포즈 영종 운남점,"인천광역시 중구 운남안길 10, 1층 3,4호 (운남동)",인천광역시 중구 운남동 1515-4 ,2022-08-12
82,카페나예(cafe Naye),인천광역시 중구 차이나타운로 56-1 (선린동),인천광역시 중구 선린동 32-4 1층 ,2022-08-12
83,겨자씨 꽃카페(M.Seed COFFEE & FLOWER),"인천광역시 중구 연안부두로33번길 13, 1층 (항동7가, 외 2필지)","인천광역시 중구 항동7가 27-119 외 2필지, 1층 ",2022-08-12
84,(주)동원홈푸드 한국면세점협회 카페및매점점,"인천광역시 중구 공항동로296번길 97-26, 3층 (운서동, 한국면세점협회 제2통합물류창고 운영동)",인천광역시 중구 운서동 3168-1 한국면세점협회 제2통합물류창고 운영동 ,2022-08-12
85,씨제이프레시웨이(주)파라다이스시티,"인천광역시 중구 영종해안남로321번길 186, 지하1층 (운서동, 파라다이스시티)",인천광역시 중구 운서동 2874 ,2022-08-12
86,DALL커피,"인천광역시 중구 인항로 6 (신흥동3가, 1층)",인천광역시 중구 신흥동3가 7-308 1층 ,2022-08-12
87,이디야 운남중앙점,"인천광역시 중구 운남안길 16, 103,104호 (운남동)",인천광역시 중구 운남동 1515-8 ,2022-08-12
88,아토커피,인천광역시 중구 제물량로 270-1 (북성동2가),인천광역시 중구 북성동2가 12-30 ,2022-08-12
89,할리스커피,"인천광역시 중구 하늘달빛로 90-21, 1,2층 (중산동, KP타워)",인천광역시 중구 중산동 1876-9 ,2022-08-12
90,느호,인천광역시 중구 신포로39번길 23 (송학동3가),인천광역시 중구 송학동3가 7-9 ,2022-08-12
91,Breath.30,"인천광역시 중구 공항로424번길 72, 104호 (운서동, IBC디오빌)",인천광역시 중구 운서동 2850-7 IBC디오빌 104호,2022-08-12
92,커피엔티크,"인천광역시 중구 우현로62번길 3, 1층 (용동)",인천광역시 중구 용동 238-7 1층 ,2022-08-12
93,스타벅스 영종도운서역점,"인천광역시 중구 신도시남로142번길 17, 105,106,107,108,204,205호 (운서동)",인천광역시 중구 운서동 2804-3 ,2022-08-12
94,G-까페,"인천광역시 중구 공항동로296번길 98-11, B동 1층 (운서동, (주)글로지스)",인천광역시 중구 운서동 3170-8 (주)글로지스 B동 1층 ,2022-08-12
95,우물옆그집,"인천광역시 중구 동화마을길 49, 1층 (송월동3가)",인천광역시 중구 송월동3가 3-37 1층 ,2022-08-12
96,STN COFFEE(에스티엔 커피),"인천광역시 중구 영종해안북로 1000-26, 1층 (운서동, 인천국제공항문화복지관)",인천광역시 중구 운서동 2850 인천국제공항문화복지관 1층 ,2022-08-12
97,cup of coffee(컵오브커피 차이나타운점),"인천광역시 중구 차이나타운로44번길 12-1 (북성동2가, 1,2층)","인천광역시 중구 북성동2가 9-4 1,2층 ",2022-08-12
98,(주)달콤커피 동성주유소점,"인천광역시 중구 축항대로 299, 1층 (신흥동3가)",인천광역시 중구 신흥동3가 34 1층 ,2022-08-12
99,막내네,"인천광역시 중구 우현로 지하 69, 지하1층 (인현동, 중앙로지하상가 백화점6호)",인천광역시 중구 인현동 84-1 중앙로지하상가 백화점6호 ,2022-08-12
100,체이스커피(chase coffee),"인천광역시 중구 운서로7번길 49, 보니또 1층 (운서동)",인천광역시 중구 운서동 3063-1 보니또 1층 ,2022-08-12
101,커피온니(COFFEE 온니),"인천광역시 중구 연안부두로 16, 1층층 (항동7가)",인천광역시 중구 항동7가 60 1층 ,2022-08-12
102,카페일리오,"인천광역시 중구 모랫말로 6-12, 101호 (운서동)",인천광역시 중구 운서동 3114-7 101호,2022-08-12
103,플로스 로비라운지,"인천광역시 중구 영종해안남로 19-5, 네스트호텔 2층 (운서동)",인천광역시 중구 운서동 2877 ,2022-08-12
104,더선셋카페(The sunset cafe),"인천광역시 중구 자유공원서로 21, 1층 (북성동3가)",인천광역시 중구 북성동3가 4-11 1층 ,2022-08-12
105,티파니,"인천광역시 중구 떼무리길 25-1, 1층 (무의동)",인천광역시 중구 무의동 852 1층 일부 ,2022-08-12
106,풍경이있는커피,"인천광역시 중구 연안부두로33번길 4, 2층 (항동7가)",인천광역시 중구 항동7가 58-50 2층 ,2022-08-12
107,이디야 월미도점,"인천광역시 중구 월미로234번길 10, 1층 101호 (북성동1가)",인천광역시 중구 북성동1가 98-446 1층 101호 ,2022-08-12
108,엔제리너스 인천공항 T2 3F점,"인천광역시 중구 제2터미널대로 446, 인천공항제2터미널 면세동 3층 (운서동)",인천광역시 중구 운서동 2868 ,2022-08-12
109,엔제리너스 인천공항 T2 B1점,"인천광역시 중구 공항로 272, 인천국제공항제2교통센터 지하1층 (운서동)",인천광역시 중구 운서동 2868 인천공항제2교통센터 지하1층 ,2022-08-12
110,(주)커피빈코리아 인천공항제2여객터미널입국점,"인천광역시 중구 제2터미널대로 446, 인천공항제2터미널 일반동 1층 (운서동)",인천광역시 중구 운서동 2868 ,2022-08-12
111,더벤티 영종도운서역점,"인천광역시 중구 신도시남로142번길 6, 메가스타 영종 119호 (운서동)",인천광역시 중구 운서동 2803-1 메가스타 영종 119호,2022-08-12
112,카페사푼사푼 인천공항점,"인천광역시 중구 제2터미널대로 446, 인천공항제2터미널 면세동 3층 (운서동)",인천광역시 중구 운서동 2868 ,2022-08-12
113,스타벅스 인천공항T2입국,"인천광역시 중구 제2터미널대로 446, 인천공항제2터미널 일반동 1층 (운서동)",인천광역시 중구 운서동 2868 ,2022-08-12
114,스타벅스 인천공항T2출국,"인천광역시 중구 제2터미널대로 446, 인천공항제2터미널 일반동 3층 (운서동)",인천광역시 중구 운서동 2868 ,2022-08-12
115,스타벅스 인천공항T2에어,"인천광역시 중구 제2터미널대로 446, 인천공항제2터미널 면세동 3층 (운서동)",인천광역시 중구 운서동 2868 ,2022-08-12
116,크리스피크림 인천공항T2점,"인천광역시 중구 제2터미널대로 446, 인천공항제2터미널 일반동 3층 (운서동)",인천광역시 중구 운서동 2868 ,2022-08-12
117,크리스피크림 인천공항T2에어점,"인천광역시 중구 제2터미널대로 446, 인천공항제2터미널 면세동 3층 (운서동)",인천광역시 중구 운서동 2868 ,2022-08-12
118,공차 인천공항4호점,"인천광역시 중구 제2터미널대로 446, 인천공항제2터미널 일반동 3층 (운서동)",인천광역시 중구 운서동 2868 ,2022-08-12
119,공차 인천공항5호점,"인천광역시 중구 제2터미널대로 446, 인천공항제2터미널 면세동 3층 (운서동)",인천광역시 중구 운서동 2868 ,2022-08-12
120,에어카페 T2,"인천광역시 중구 제2터미널대로 446, 인천공항제2터미널 면세동 4층 (운서동)",인천광역시 중구 운서동 2868 ,2022-08-12
121,자작나무숲,"인천광역시 중구 자유무역로107번길 20, 칼트로지스인천공항(주) 물류센터 2층 H-206호 (운서동)",인천광역시 중구 운서동 2091-104 칼트로지스인천공항(주) 물류센터 ,2022-08-12
122,투썸플레이스 인천공항여객터미널점,"인천광역시 중구 공항로 272, 인천공항제1터미널 일반동 지하1층 (운서동)",인천광역시 중구 운서동 2840 인천공항 ,2022-08-12
123,실버카페하늘마루(인천중구노인인력개발센터),"인천광역시 중구 공항로 271, 인천국제공항역 지하1층 (운서동)",인천광역시 중구 운서동 2851 인천국제공항역 지하1층 ,2022-08-12
124,블루틴(bluetin),"인천광역시 중구 용유서로 380-13, 1층 (을왕동)",인천광역시 중구 을왕동 773-70 ,2022-08-12
125,탐앤탐스 왕산점,"인천광역시 중구 용유서로423번길 9-1, 1층 일부~3층 (을왕동)",인천광역시 중구 을왕동 810-98 1층 일부~3층 ,2022-08-12
126,브라운핸즈 개항로,"인천광역시 중구 개항로 73-1, 1~4층 (경동)",인천광역시 중구 경동 232-10 1~4층 ,2022-08-12
127,스무디킹 인천공항점,"인천광역시 중구 공항로 272, 인천공항제1터미널 일반동 지하1층 (운서동)",인천광역시 중구 운서동 2840 인천공항 ,2022-08-12
128,동화마을 더치로드카페,"인천광역시 중구 동화마을안길 7, 1~2층 (송월동3가)",인천광역시 중구 송월동3가 11-33 1~2층 ,2022-08-12
129,공차 인천국제공항1호점,"인천광역시 중구 공항로 272, 인천공항제1터미널 일반동 지하1층 (운서동)",인천광역시 중구 운서동 2840 인천공항 ,2022-08-12
130,마리앙로제,"인천광역시 중구 참외전로 4, 1층 (송월동1가)",인천광역시 중구 송월동1가 13-69 1층 ,2022-08-12
131,띵크커피 인천공항점,"인천광역시 중구 공항로 272, 인천공항제1터미널 일반동 지하1층 (운서동)",인천광역시 중구 운서동 2840 인천공항 ,2022-08-12
132,오가다 인천운서역점,"인천광역시 중구 신도시남로142번길 6, 메가스타 영종 238호 (운서동)",인천광역시 중구 운서동 2803-1 메가스타 영종 238호,2022-08-12
133,손커피연구소,"인천광역시 중구 해맞이길 35, 1층 (운남동)",인천광역시 중구 운남동 1641-20 ,2022-08-12
134,메가MGC커피 영종운서역점,"인천광역시 중구 신도시남로142번길 6, 메가스타 영종 128(일부), 129호 (운서동)",인천광역시 중구 운서동 2803-1 메가스타 영종 ,2022-08-12
135,에그셀런트 영종하늘도시점,"인천광역시 중구 하늘달빛로 94, 1층 107호 일부 (중산동)",인천광역시 중구 중산동 1875-3 1층 107호 일부 ,2022-08-12
136,투썸플레이스 인천공항교통센터점,"인천광역시 중구 공항로 271, 인천공항 제1교통센터 지하1층 (운서동)",인천광역시 중구 운서동 2851 인천국제공항역 ,2022-08-12
137,빽다방 인천 월미도점,"인천광역시 중구 월미로 237, 1층 (북성동1가)",인천광역시 중구 북성동1가 98-56 1층 ,2022-08-12
138,행복나눔터 3호점,"인천광역시 중구 영종대로277번길 74-60, 인천광역시교육연수원 본관동 1층 (운서동)",인천광역시 중구 운서동 543-5 인천광역시교육연수원 ,2022-08-12
139,노루카페(삶의이야기),"인천광역시 중구 햇내로안길 44-6, 1층 (운서동)",인천광역시 중구 운서동 3031-4 ,2022-08-12
140,이디야커피(EDIYA COFFEE),"인천광역시 중구 미단소망로 60, 미단해송 1층 (운북동)",인천광역시 중구 운북동 1363-7 미단해송 ,2022-08-12
141,주니베리(Juniberry),인천광역시 중구 우현로35번길 23-1 (신생동),인천광역시 중구 신생동 2-1 ,2022-08-12
142,커피에반하다 영종운서점,"인천광역시 중구 넙디로 48, 103호 (운서동)",인천광역시 중구 운서동 2925-1 ,2022-08-12
143,카페하우스(cafeHouse),"인천광역시 중구 자유공원서로37번길 27-1, 1층 (송월동3가)",인천광역시 중구 송월동3가 15-12 ,2022-08-12
144,놀러가개 나도놀개,인천광역시 중구 운중로14번길 28 (운남동),인천광역시 중구 운남동 412-2 ,2022-08-12
145,푸디스트(주) 카페,"인천광역시 중구 공항동로2길 103, 게이트고메코리아 2층 (운서동)",인천광역시 중구 운서동 2840-13 ,2022-08-12
146,로스팅포러와일,"인천광역시 중구 우현로 79-6, 1층 (인현동)",인천광역시 중구 인현동 38 1층 ,2022-08-12
147,커피베이 영종운서점,"인천광역시 중구 영종대로 184, 영종예스타워복합상영관 7층 (운서동)",인천광역시 중구 운서동 3088-3 영종예스타워복합상영관 ,2022-08-12
148,커피에반하다(인천운남점),"인천광역시 중구 운남로 169, 1층 102,103호 (운남동)","인천광역시 중구 운남동 1514-9 102,103호 ",2022-08-12
149,나인인치커피,"인천광역시 중구 논골3길 27, 2호 (운북동)",인천광역시 중구 운북동 1257-44 2호,2022-08-12
150,인천서점,"인천광역시 중구 제물량로218번길 3, 인천아트플랫폼 1층 (해안동1가)",인천광역시 중구 해안동1가 1-5 인천아트플랫폼(커뮤니티관) 1층 ,2022-08-12
151,목현,"인천광역시 중구 화랑목로 50-9, 1층 (운서동)",인천광역시 중구 운서동 3036-7 ,2022-08-12
152,끌당,"인천광역시 중구 인중로144번길 41, 1층 (신생동)",인천광역시 중구 신생동 33-6 1층 ,2022-08-12
153,EGG DROP 신포점,"인천광역시 중구 개항로 33, 1층 (내동)",인천광역시 중구 내동 102 1층 ,2022-08-12
154,이디야커피(답동지점),"인천광역시 중구 제물량로 128, 1층 (답동)",인천광역시 중구 답동 11-13 1층 ,2022-08-12
155,cafe in caritas(카페인카리타스),"인천광역시 중구 답동로 23, 천주교인천교구사회복지센터 1층 (경동)",인천광역시 중구 경동 229-3 천주교인천교구사회복지센터 ,2022-08-12
156,아모르카페,"인천광역시 중구 답동로30번길 10, 인천기독병원 B동 1층 (율목동)",인천광역시 중구 율목동 237-3 인천기독병원 B동 ,2022-08-12
157,전통찻집 마실,"인천광역시 중구 햇내로안길 18-3, 104(일부)호 (운서동)",인천광역시 중구 운서동 3039-12 ,2022-08-12
158,맘스케익 영종도운서점,"인천광역시 중구 운서로7번길 7, 101호 (운서동)",인천광역시 중구 운서동 3060-30 ,2022-08-12
159,시월애숲,인천광역시 중구 운남로 94 (운남동),인천광역시 중구 운남동 208-3 ,2022-08-12
160,오카드코히,"인천광역시 중구 자유공원로 30-2, 1층 (전동)",인천광역시 중구 전동 19-34 1층 ,2022-08-12
161,카페아이싱,"인천광역시 중구 개항로96번길 31, 1층 (율목동)",인천광역시 중구 율목동 33 1층 ,2022-08-12
162,브알라 인천국제공항 2호점,"인천광역시 중구 공항로 272, 인천공항 일반동 4층 (운서동)",인천광역시 중구 운서동 2840 인천공항 ,2022-08-12
163,꽁커피,"인천광역시 중구 신포로27번길 61, 1층 (중앙동2가)",인천광역시 중구 중앙동2가 12 1층 ,2022-08-12
164,유니커스 (UNIQUS),"인천광역시 중구 운남서로 74, 1층 (운남동)",인천광역시 중구 운남동 1536 ,2022-08-12
165,카페건,"인천광역시 중구 하늘달빛로2번길 8, 씨사이드파크 카페테리아 2층 (중산동)",인천광역시 중구 중산동 1967-1 씨사이드파크 카페테리아 ,2022-08-12
166,투썸플레이스 인천공항물류단지점,"인천광역시 중구 자유무역로 25, C6블럭 사무동 1층 (운서동)",인천광역시 중구 운서동 3170-6 ,2022-08-12
167,더숲190,"인천광역시 중구 영종대로 190, 더 예스 스카이 1층 106~109호 (운서동)",인천광역시 중구 운서동 3088-7 더 예스 스카이 1층 106~109호 ,2022-08-12
168,메가엠지씨커피 영종하늘도시점,"인천광역시 중구 하늘중앙로195번길 14, 134호 (중산동)",인천광역시 중구 중산동 1884-1 ,2022-08-12
169,메가엠지씨커피 인천차이나타운점,"인천광역시 중구 차이나타운로 25, 지하3층 (북성동3가)",인천광역시 중구 북성동3가 3-8 지하3층 ,2022-08-12
170,범산목장 인천왕산해수욕장점,"인천광역시 중구 용유서로423번길 15, 101호 (을왕동)",인천광역시 중구 을왕동 810-203 101호,2022-08-12
171,스타벅스 영종하늘도시점,"인천광역시 중구 하늘중앙로195번길 15, 세영프라자 104호 (중산동)",인천광역시 중구 중산동 1883-12 세영프라자 ,2022-08-12
172,커피포트 3호점,"인천광역시 중구 제2터미널대로 446, 인천국제공항제2여객터미널 지하1층 (운서동)",인천광역시 중구 운서동 2868 인천국제공항제2여객터미널 지하1층 한가족라운지 ,2022-08-12
173,신스(since)1956,"인천광역시 중구 서해대로 111, 1층 (항동7가)",인천광역시 중구 항동7가 104-26 ,2022-08-12
174,유라커피(U_la coffee),"인천광역시 중구 흰바위로92번길 7, 101호 (운서동)",인천광역시 중구 운서동 3112-1 ,2022-08-12
175,달빛마루 실버카페,인천광역시 중구 북성동1가 125 ,인천광역시 중구 북성동1가 125 ,2022-08-12
176,동화마을1번가,"인천광역시 중구 동화마을길 21-38, 1층 (송월동3가)",인천광역시 중구 송월동3가 11-76 ,2022-08-12
177,엠클리프,"인천광역시 중구 마시란로 51-30, 1,2층 (덕교동)",인천광역시 중구 덕교동 128-58 ,2022-08-12
178,리틀핑거,"인천광역시 중구 하늘중앙로195번길 23, 하늘프라자 403(일부)호 (중산동)",인천광역시 중구 중산동 1883-9 하늘프라자 ,2022-08-12
179,키친4B,"인천광역시 중구 제물량로 208, 1층 (해안동2가)",인천광역시 중구 해안동2가 4-16 1층 ,2022-08-12
180,"오늘, 커피",인천광역시 중구 대무의로 90 (무의동),인천광역시 중구 무의동 562 ,2022-08-12
181,할리스커피 영종덕교점,"인천광역시 중구 잠진도길 55, 1,2,3층 (덕교동)",인천광역시 중구 덕교동 103-9 ,2022-08-12
182,마시안제빵소,"인천광역시 중구 마시란로 155, 1,2층 (덕교동)",인천광역시 중구 덕교동 615-12 ,2022-08-12
183,바이번(vibeon),"인천광역시 중구 영종대로 166, 110호 (운서동)",인천광역시 중구 운서동 3087-2 ,2022-08-12
184,카페 알(cafe R),"인천광역시 중구 자연대로 632-64, 2층 (운북동)",인천광역시 중구 운북동 361-4 ,2022-08-12
185,기노스코 개항점,"인천광역시 중구 개항로 65, 1층 (경동)",인천광역시 중구 경동 237-2 1층 ,2022-08-12
186,커피홀릭협동조합,"인천광역시 중구 화랑목로100번길 27, 101(일부)호 (운서동)",인천광역시 중구 운서동 3047-6 ,2022-08-12
187,을왕리 빵판다,"인천광역시 중구 용유로745번길 14-1, 1층일부,2층 (을왕동)","인천광역시 중구 을왕동 906-1 1층일부, 2층 ",2022-08-12
188,원 오브 어스(one of us),"인천광역시 중구 미단행복로 85, 1층 (운북동)",인천광역시 중구 운북동 1266-3 ,2022-08-12
189,빽다방 영종하늘도시점,"인천광역시 중구 하늘별빛로 75, 106호 (중산동)",인천광역시 중구 중산동 1882-10 ,2022-08-12
190,할리스 인천공항T1점,"인천광역시 중구 공항로 272, 인천국제공항 제1여객터미널 L/S 1층 (운서동)",인천광역시 중구 운서동 2840 인천공항 ,2022-08-12
191,투썸플레이스 인천영종하늘중앙로,"인천광역시 중구 하늘중앙로225번길 3, 영종M타워 105,6호 (중산동)","인천광역시 중구 중산동 1873-1 영종M타워 105,6호",2022-08-12
192,빌라드샬롯카페 인천공항T1 1F,"인천광역시 중구 공항로 272, 인천공항 제1여객터미널1층 FB-P3-05호 (운서동)",인천광역시 중구 운서동 2840 인천공항 제1여객터미널1층 FB-P3-05호,2022-08-12
193,엔제리너스 인천공항T1 1F,"인천광역시 중구 공항로 272, 인천공항 제1여객터미널1층 3-16-08호 (운서동)",인천광역시 중구 운서동 2840 인천공항 제1여객터미널1층 3-16-08호 ,2022-08-12
194,에이오커피,"인천광역시 중구 흰바위로92번길 5-18, 102,103호 (운서동)","인천광역시 중구 운서동 3112-9 102, 103호 ",2022-08-12
195,카페 청혜윰,"인천광역시 중구 공항로 271, 인천국제공항 제1여객터미널 일반동 L/S 1층 FB-P3-10호 (운서동)",인천광역시 중구 운서동 2851 인천국제공항 제1여객터미널 일반동 ,2022-08-12
196,"지금,이곳.","인천광역시 중구 운남로82번길 40, 1층 (운남동)",인천광역시 중구 운남동 324-9 ,2022-08-12
197,바나나커피,"인천광역시 중구 마시란로 116, 1,2층 (덕교동)","인천광역시 중구 덕교동 662-5 1,2층 ",2022-08-12
198,메가커피 영종하늘달빛점,"인천광역시 중구 하늘달빛로 88, 채운 에비뉴 1층 106호 (중산동)",인천광역시 중구 중산동 1875-5 채운 에비뉴 106호,2022-08-12
199,메가엠지씨커피월미도점,"인천광역시 중구 월미로234번길 12, 1층 (북성동1가)","인천광역시 중구 북성동1가 98-10 1층 102,103호",2022-08-12
200,꿀스커피,"인천광역시 중구 영종대로196번길 19, 지엘플렉스 115호 (운서동)",인천광역시 중구 운서동 3098-1 ,2022-08-12
201,"카페,소피","인천광역시 중구 인중로 46, 1층 (신흥동3가)",인천광역시 중구 신흥동3가 14-5 1층 ,2022-08-12
202,이디야 영종센트럴타워점,"인천광역시 중구 영종대로196번길 15-10, 센트럴타워 105,107,108호 (운서동)","인천광역시 중구 운서동 3098-2 센트럴타워 105, 107, 108호 ",2022-08-12
203,카페플러스마트,"인천광역시 중구 자유무역로 299, 제이셋스태츠칩팩코리아 1층 (운서동)",인천광역시 중구 운서동 2091-104 제이셋스태츠칩팩코리아 ,2022-08-12
204,메가엠지씨커피신포점,"인천광역시 중구 개항로 29-2, 1~2층 (내동)",인천광역시 중구 내동 216 파크랜드 1~2층 ,2022-08-12
205,카페일리터 하늘도시점,"인천광역시 중구 하늘달빛로64번길 4, JK프라자 1층 110호 (중산동)",인천광역시 중구 중산동 1873-23 JK프라자 1층 110호 ,2022-08-12
206,공차 영종하늘도시점,"인천광역시 중구 하늘별빛로 75, 1층 110,111호 (중산동)","인천광역시 중구 중산동 1882-10 1층 110,111호 ",2022-08-12
207,싸이프러스1,"인천광역시 중구 제물량로130번길 18, 지하1층 (답동)",인천광역시 중구 답동 11-17 ,2022-08-12
208,싸이프러스2,"인천광역시 중구 제물량로130번길 18, 1층 (답동)",인천광역시 중구 답동 11-17 ,2022-08-12
209,우주라이크앤 영종하늘도시점,"인천광역시 중구 하늘중앙로225번길 12, 정인타워 1층 108호 (중산동)",인천광역시 중구 중산동 1876-1 정인타워 1층 108호 ,2022-08-12
210,투썸플레이스 인천영종운서점,"인천광역시 중구 햇내로28번길 10, 더예스클라우드 A동 105,106,202,203호 (운서동)","인천광역시 중구 운서동 3092-3 더예스클라우드 A동 105,106,202,203호 ",2022-08-12
211,카페 드 셀린,"인천광역시 중구 두미포로 89, 1층 일부 (중산동)",인천광역시 중구 중산동 1904-1 1층 일부 ,2022-08-12
212,해피브릭,"인천광역시 중구 하늘달빛로 88, 채운 에비뉴 5층 502호 일부 (중산동)",인천광역시 중구 중산동 1875-5 채운 에비뉴 5층 502호 일부 ,2022-08-12
213,cafe AMii (카페 아미),"인천광역시 중구 운중로 181-6, A동 1층 (중산동)",인천광역시 중구 중산동 1331-1 A동 1층 ,2022-08-12
214,서리화,"인천광역시 중구 백운로186번길 86, 나동 1층 2호 (운북동)",인천광역시 중구 운북동 1261-17 나동 2호,2022-08-12
215,아마스빈 동인천점,"인천광역시 중구 자유공원로 3-2, 1층 (인현동)",인천광역시 중구 인현동 20-5 ,2022-08-12
216,페어리(Fairy)카페,"인천광역시 중구 선녀바위로55번길 34, 1층 일부 (을왕동)",인천광역시 중구 을왕동 687 1층 일부 ,2022-08-12
217,메가엠지씨커피 영종구읍뱃터점,"인천광역시 중구 은하수로 10, 1층 105,106호 (중산동)","인천광역시 중구 중산동 1949-1 1층 105,106호 ",2022-08-12
218,정석,"인천광역시 중구 연안부두로 59-1, 1층 (항동7가)",인천광역시 중구 항동7가 87-2 ,2022-08-12
219,카페모스,"인천광역시 중구 개항로53번길 22, 1층 (내동)",인천광역시 중구 내동 177 ,2022-08-12
220,카페슬로우,"인천광역시 중구 대무의로301번길 13-31, 나동 1층 (무의동)",인천광역시 중구 무의동 180-26 ,2022-08-12
221,고은매점,"인천광역시 중구 연안부두로21번길 11-12, 1층 (항동7가)",인천광역시 중구 항동7가 27-215 ,2022-08-12
222,메가엠지씨커피 인천연안부두점,"인천광역시 중구 연안부두로33번길 37, 인천종합어시장 1층 101,113호 (항동7가)",인천광역시 중구 항동7가 27-69 인천종합어시장 ,2022-08-12
223,다운타운 선셋,"인천광역시 중구 마시란로 63, 1,2,3,4층 (덕교동)","인천광역시 중구 덕교동 134-13 1,2,3,4층 ",2022-08-12
224,커피베이 인천동화마을점,"인천광역시 중구 차이나타운로 7, 1,2층 (송월동3가)",인천광역시 중구 송월동3가 11-140 ,2022-08-12
225,"카페,오숑","인천광역시 중구 제물량로 137-1, 1층 (답동)",인천광역시 중구 답동 17-5 ,2022-08-12
226,카페 메이벨(cafe maybell),"인천광역시 중구 화랑목로100번길 54, 1층 102호 (운서동)",인천광역시 중구 운서동 3039-8 1층 102호,2022-08-12
227,행복나눔터 4호점,"인천광역시 중구 자유공원로 12, 인천학생교육문화회관 1층 (인현동)",인천광역시 중구 인현동 5 인천학생교육문화회관 ,2022-08-12
228,카페 티크,"인천광역시 중구 영종대로 173, 리치아노 골드 지하층 B101호 (운서동)",인천광역시 중구 운서동 3050-2 리치아노 골드 지하 B101호,2022-08-12
229,윌마 커피 로스터스,"인천광역시 중구 참외전로 107, 2,3층 (인현동)",인천광역시 중구 인현동 1-273 1-274 ,2022-08-12
230,메가엠지씨커피 영종넙디점,"인천광역시 중구 운서2로68번길 33, 1층 일부 (운서동)",인천광역시 중구 운서동 2901-3 1층 일부 ,2022-08-12
231,망원동 티라미수,"인천광역시 중구 자연대로 47, 대지스타타워2 1층 110호 (중산동)",인천광역시 중구 중산동 1873-3 1층 110호,2022-08-12
232,코월드비전센터,"인천광역시 중구 운서로7번길 41, 1층 일부 (운서동)",인천광역시 중구 운서동 3060-7 1층 일부 ,2022-08-12
233,더벤티 영종하늘도시점,"인천광역시 중구 자연대로 47, 1층 116호 (중산동)",인천광역시 중구 중산동 1873-3 ,2022-08-12
234,참 디저트,"인천광역시 중구 화랑목로 50-7, 1층 103호 (운서동)",인천광역시 중구 운서동 3036-8 ,2022-08-12
235,컴포즈커피 운서역점,"인천광역시 중구 영종대로162번길 26, 삼성홈큐브 1층 112호 (운서동)",인천광역시 중구 운서동 3090-3 삼성홈큐브 112호,2022-08-12
236,"오늘도,카페일리터 운서점","인천광역시 중구 흰바위로 37, 영종프라자 1층 101호 (운서동)",인천광역시 중구 운서동 2793-3 영종프라자 ,2022-08-12
237,카페드쉘,"인천광역시 중구 마시란로 132, 1층, 2층 일부 (덕교동)","인천광역시 중구 덕교동 662-3 1층, 2층 일부 ",2022-08-12
238,명태다방,"인천광역시 중구 화랑목로 98, 1층 일부 (운서동)",인천광역시 중구 운서동 3021-8 1층 일부 ,2022-08-12
239,Cafe 우든필,"인천광역시 중구 인중로 43, 현대자동차 동인천서비스 1층 (신흥동3가)",인천광역시 중구 신흥동3가 34-1 현대자동차 동인천서비스 ,2022-08-12
240,컴포즈 커피 영종하늘도시점,"인천광역시 중구 자연대로 47, 대지스타타워2 1층 104호 (중산동)",인천광역시 중구 중산동 1873-3 대지스타타워2 1층 104호,2022-08-12
241,헤펠레목공방 인천운남점,"인천광역시 중구 운남동로 10, 1층 일부 (운남동)",인천광역시 중구 운남동 317-1 1층 일부 ,2022-08-12
242,아마스빈 영종하늘도시점,"인천광역시 중구 하늘중앙로195번길 24, 광장프라자 1층 107호 (중산동)",인천광역시 중구 중산동 1884-4 1층 107호,2022-08-12
243,flour(플라워),"인천광역시 중구 오작로 6-6, 1층 101호 (중산동)",인천광역시 중구 중산동 1896-7 101호,2022-08-12
244,카페온,"인천광역시 중구 운남동로 44, 1층 101,102호 (운남동)",인천광역시 중구 운남동 347-1 ,2022-08-12
245,티디커피,"인천광역시 중구 은하수로 112, 1층 104호, 2층 202호 (중산동)","인천광역시 중구 중산동 1917-4 1층 104호, 2층 202호 ",2022-08-12
246,I got everything 중구제2청사점,"인천광역시 중구 운남서로 100, 해송관 1층 일부호 (운남동)","인천광역시 중구 운남동 1511 영종동행정복지센터, 영종 제2청사 ",2022-08-12
247,카페인중독 영종도하늘도시점,"인천광역시 중구 하늘별빛로 59, 비젼프라자 1층 111호 (중산동)",인천광역시 중구 중산동 1886-2 비젼프라자 1층 111호,2022-08-12
248,하삼동커피 구읍뱃터점,"인천광역시 중구 은하수로 14, 영종하늘시티 1층 101호 (중산동)",인천광역시 중구 중산동 1948-2 영종하늘시티 1층 101호,2022-08-12
249,이디야(운서까페거리점),"인천광역시 중구 햇내로안길 6, 1층 전체호 (운서동)",인천광역시 중구 운서동 3044-2 ,2022-08-12
250,더리터 영종하늘도시점,"인천광역시 중구 하늘중앙로195번길 14, 이은스퀘어 1층 116-1호 (중산동)",인천광역시 중구 중산동 1884-1 이은스퀘어 ,2022-08-12
251,반달커피 영종도점,"인천광역시 중구 운남동로3번길 17, 1층 103호 (운남동)",인천광역시 중구 운남동 1563-5 1층 103호,2022-08-12
252,컴포즈커피 하늘달빛점,"인천광역시 중구 하늘달빛로 70, 메디피아 1층 106호 (중산동)",인천광역시 중구 중산동 1875-12 외 1필지(1875-13) 메디피아 1층 106호,2022-08-12
253,떡다온더카페,"인천광역시 중구 햇내로안길 14, 1층 일부 (운서동)",인천광역시 중구 운서동 3043-7 1층 일부 ,2022-08-12
254,빽다방 영종운서역점,"인천광역시 중구 신도시남로142번길 6, 메가스타 영종 1동 1층 132호 (운서동)",인천광역시 중구 운서동 2803-1 메가스타 영종 1동 1층 132호,2022-08-12
255,브로슈코 커피컴퍼니,"인천광역시 중구 축항대로69번길 20, 인천국제수산물타운 A동 4층 (항동7가)",인천광역시 중구 항동7가 49-1 ,2022-08-12
256,카페코지 영종점,"인천광역시 중구 하늘별빛로65번길 7-9, 1층 108호 (중산동)",인천광역시 중구 중산동 1886-3 108호,2022-08-12
257,웰디벨롭,"인천광역시 중구 하늘중앙로195번길 21, 에스디메디칼 1층 109호 (중산동)",인천광역시 중구 중산동 1883-10 에스디메디칼 1층 109호 ,2022-08-12
258,프렌치빌,"인천광역시 중구 신포로 27-1, 1,2층 (관동3가)",인천광역시 중구 관동3가 2-5 ,2022-08-12
259,카페 림,"인천광역시 중구 마시란로170번길 45-1, 1층 (덕교동)",인천광역시 중구 덕교동 488-10 1층 ,2022-08-12
260,마시안전통찻집,"인천광역시 중구 마시란로 118, 3층 (덕교동)",인천광역시 중구 덕교동 662-9 3층 ,2022-08-12
261,몬몬이야(monmoniya),"인천광역시 중구 용유서로2번길 12, 1층 (남북동)",인천광역시 중구 남북동 939-5 1층 ,2022-08-12
262,커즈커피(CUZ COFFEE),"인천광역시 중구 화랑목로100번길 59, 1층 102호 (운서동)",인천광역시 중구 운서동 3047-27 ,2022-08-12
263,#51,"인천광역시 중구 마시란로170번길 51, 1층 일부 (덕교동)",인천광역시 중구 덕교동 485-7 1층 일부 ,2022-08-12
264,milkbay(밀크베이),"인천광역시 중구 자연대로 41, 영종스카이스타 1층 105호 (중산동)",인천광역시 중구 중산동 1873-5 영종스카이스타 1층 105호,2022-08-12
265,손토스트 씨사이드파크점,"인천광역시 중구 해맞이길 41, 1층 104호 (운남동)",인천광역시 중구 운남동 1641-23 1층 104호,2022-08-12
266,카페천국 운서점,"인천광역시 중구 햇내로28번길 10, 더예스클라우드 A동 1층 116호 (운서동)",인천광역시 중구 운서동 3092-3 더예스클라우드 A동 116호,2022-08-12
267,S.Cafe 1th(카페1번가),"인천광역시 중구 서해대로449번길 40, 1층 (신흥동1가)",인천광역시 중구 신흥동1가 78 ,2022-08-12
268,BOTTEGA(보테가),"인천광역시 중구 마시란로 51-32, 1,2층 (덕교동)","인천광역시 중구 덕교동 128-60 1,2층 ",2022-08-12
269,카페뮈,"인천광역시 중구 대무의로 26-9, 1,2층 (무의동)","인천광역시 중구 무의동 298-1 1,2층 ",2022-08-12
270,소담카페,"인천광역시 중구 용유서로172번길 28, 4동 1층 (을왕동)",인천광역시 중구 을왕동 256-1 ,2022-08-12
271,컴포즈커피 신포DS점,"인천광역시 중구 개항로 44-2, 1~2층 (내동)",인천광역시 중구 내동 212-1 ,2022-08-12
272,카페뱃터,"인천광역시 중구 은하수로 1, 오션뷰 7층 703~706호 (중산동)",인천광역시 중구 중산동 1956-1 오션뷰 ,2022-08-12
273,화하양자,"인천광역시 중구 참외전로13번길 15-8, 1층 (송월동2가)",인천광역시 중구 송월동2가 2-9 ,2022-08-12
274,커피에반하다 영종중산점,"인천광역시 중구 운중로 138, 1층 104호 (중산동)",인천광역시 중구 중산동 1457-1 1층 104호,2022-08-12
275,도르팍 비건,"인천광역시 중구 백운로 4, 1층 104호 (중산동)",인천광역시 중구 중산동 1013-1 104호 일부 ,2022-08-12
276,NOUAISON(누에종),"인천광역시 중구 영종진광장로 32, 오션 솔레뷰 2층 203,204 일부호 (중산동)",인천광역시 중구 중산동 1947-1 오션 솔레뷰 ,2022-08-12
277,유캔두잇 인천운서점,"인천광역시 중구 흰바위로92번길 6-2, 1층 103호 (운서동)",인천광역시 중구 운서동 3109-2 1층 103호,2022-08-12
278,팔공티 운서점,"인천광역시 중구 신도시남로142번길 6, 메가스타 영종 1동 1층 121호 (운서동)",인천광역시 중구 운서동 2803-1 메가스타 영종 1층 1동 121호,2022-08-12
279,독독 2호점,"인천광역시 중구 공항서로 519, 1동 1층 일부 (남북동)",인천광역시 중구 남북동 800-1 1동 1층 일부 ,2022-08-12
280,텐퍼센트스페셜티커피 영종하늘도시점,"인천광역시 중구 하늘달빛로 84, 1층 104호 (중산동)",인천광역시 중구 중산동 1875-6 1층 104호,2022-08-12
281,브레댄코영종구읍뱃터점,"인천광역시 중구 은하수로 1, 오션뷰 10층 1001~1006호 (중산동)",인천광역시 중구 중산동 1956-1 오션뷰 10층 1001~1006호 ,2022-08-12
282,"Hey,buddy(헤이버디)","인천광역시 중구 홍예문로 82, 1층 (전동)",인천광역시 중구 전동 18-16 ,2022-08-12
283,장스꿀카페,"인천광역시 중구 공항동로296번길 97-49, G2블럭 (주)해우지엘에스  1층 1호 (운서동)",인천광역시 중구 운서동 3165-1 G2블럭 (주)해우지엘에스 1층 1호,2022-08-12
284,폴바셋투고바 파라다이스시티점,"인천광역시 중구 영종해안남로321번길 186, 파라다이스시티 원더박스 2층 (운서동)",인천광역시 중구 운서동 2874 파라다이스시티 원더박스 2층 ,2022-08-12
285,Machon(마숑),"인천광역시 중구 해맞이길 41, 1층 101호 (운남동)",인천광역시 중구 운남동 1641-23 1층 101호,2022-08-12
286,캠프플러스,"인천광역시 중구 마시란로170번길 51-1, 1층 일부, 2층 (덕교동)","인천광역시 중구 덕교동 488-1 1층 일부, 2층 ",2022-08-12
287,마시코코 영종점,"인천광역시 중구 월촌길 32, 1층 104호 일부 (중산동)",인천광역시 중구 중산동 1899-10 1층 104호 일부 ,2022-08-12
288,카페(CAFE) HERO,"인천광역시 중구 왕산로 66, 1층 101호 (을왕동)",인천광역시 중구 을왕동 880-17 1층 101호,2022-08-12
289,디저트39 월미도점,"인천광역시 중구 월미로234번길 6, 2층 204호 (북성동1가)",인천광역시 중구 북성동1가 98-230 204호,2022-08-12
290,파스쿠찌 영종하늘도시점,"인천광역시 중구 하늘별빛로65번길 8-21, 썬앤문3 1,2층 102,103,201호 (중산동)","인천광역시 중구 중산동 1883-2 썬앤문3 1층 102,103호, 2층 201호 ",2022-08-12
291,원유로스페셜티 인천영종도점,"인천광역시 중구 신도시남로141번길 18, 웰스타임 1층 105,106,107호 (운서동)","인천광역시 중구 운서동 2791-1 웰스타임 1층 105,106,107호 ",2022-08-12
292,바소영종점,"인천광역시 중구 월촌길 27, 1층 101호 (중산동)",인천광역시 중구 중산동 1901-4 1층 101호,2022-08-12
293,바위커피,"인천광역시 중구 운중로 162-1, 1층 (중산동)",인천광역시 중구 중산동 901 1층 ,2022-08-12
294,티엔티푸드(주),"인천광역시 중구 공항동로193번길 40-32, 우정사업본부국제우편물류센터 2층 일부 (운서동)",인천광역시 중구 운서동 2842-16 우정사업본부국제우편물류센터 2층 일부 ,2022-08-12
295,영종도 더벤티 더타임점,"인천광역시 중구 영종대로196번길 25, 운서역 더타임 1층 110호 (운서동)",인천광역시 중구 운서동 3098-5 운서역 더타임 1층 110호,2022-08-12
296,엔제리너스 운서점,"인천광역시 중구 신도시남로142번길 6, 메가스타 영종 1동 1층 146,147호 (운서동)","인천광역시 중구 운서동 2803-1 메가스타 영종 146,147호 1동 ",2022-08-12
297,커피볶는남자,"인천광역시 중구 햇내로안길 14-5, 1층 103호 일부 (운서동)",인천광역시 중구 운서동 3043-5 1층 103호 일부 ,2022-08-12
298,Cafe BLOOM YELLOW(블룸옐로우),"인천광역시 중구 제물량로 167, 1층 (사동)",인천광역시 중구 사동 18-24 ,2022-08-12
299,제이씨컴퍼니,"인천광역시 중구 참외전로 188, 1층 3106호 (율목동)",인천광역시 중구 율목동 1-30 ,2022-08-12
300,BON9,"인천광역시 중구 백운로228번길 100, 2동 1층,2층 (운북동)","인천광역시 중구 운북동 132-11 2동 1층,2층 ",2022-08-12
301,와플칸,"인천광역시 중구 신도시남로141번길 18, 웰스타임 1층 108호 (운서동)",인천광역시 중구 운서동 2791-1 웰스타임 1층 108호,2022-08-12
302,노틀담베이커리,"인천광역시 중구 공항동로295번길 41-42, 인천본부세관 특송물류센터 1층 (운서동)",인천광역시 중구 운서동 2842-7 인천본부세관 특송물류센터 1층 ,2022-08-12
303,노틀담베이커리,"인천광역시 중구 공항동로193번길 70, 인천본부세관 수출입통관청사 1층 (운서동)",인천광역시 중구 운서동 2851-20 인천본부세관 수출입통관청사 1층 ,2022-08-12
304,ONYU오뉴,"인천광역시 중구 넙디로 47, 백산빌딩 1층 101,102호 (운서동)","인천광역시 중구 운서동 2903-1 백산빌딩 1층 101,102호 ",2022-08-12
305,모온지,"인천광역시 중구 신도시남로142번길 6, 메가스타 영종 1층 102호 일부 (운서동)",인천광역시 중구 운서동 2803-1 메가스타 영종 1층 102호 일부 ,2022-08-12
306,주식다방(stock cafe),"인천광역시 중구 신포로 26-3, 1,2층 (신포동)",인천광역시 중구 신포동 26-24 ,2022-08-12
307,OWL's(아울스),"인천광역시 중구 용유서로 140-2, 1,2층 (을왕동)","인천광역시 중구 을왕동 186-39 1,2층 ",2022-08-12
308,시아북카페 영종점,"인천광역시 중구 하늘달빛로 94, 대지스타타워 4층 404호 일부 (중산동)",인천광역시 중구 중산동 1875-3 대지스타타워 4층 404호 일부 ,2022-08-12
309,꿈이든더카페,"인천광역시 중구 공항로424번길 86-17, 아이엔지모터스 1층 (운서동)",인천광역시 중구 운서동 2850-9 아이엔지모터스 1층 ,2022-08-12
310,카페송,"인천광역시 중구 참외전로 132, 1,2,3층 (인현동)",인천광역시 중구 인현동 22-4 ,2022-08-12
311,감성커피 신포시장점,"인천광역시 중구 우현로45번길 2, 1,2층 (신포동)",인천광역시 중구 신포동 1-3 ,2022-08-12
312,인천신포시장점 빽다방2,"인천광역시 중구 개항로 28-1, 2층 (신포동)",인천광역시 중구 신포동 63-1 ,2022-08-12
313,컴포즈커피 연안부두점,"인천광역시 중구 축항대로86번길 28, 1층 좌측 상가 1호 (항동7가)",인천광역시 중구 항동7가 27-35 1층 좌측 상가 1호 ,2022-08-12
314,밸런스 로스팅 커피,"인천광역시 중구 우현로 90, 유타워 1층 (인현동)",인천광역시 중구 인현동 22-7 유타워 ,2022-08-12
315,몽콕MONGKOK(주)자이락,"인천광역시 중구 흰바위로92번길 6-10, 지1층 101호 (운서동)",인천광역시 중구 운서동 3109-9 지1층 101호 ,2022-08-12
316,카페 을왕,"인천광역시 중구 용유서로 262-15, JN PARK HOTEL 2층 일부호 (을왕동)",인천광역시 중구 을왕동 694-6 JN PARK HOTEL 2층 일부호 ,2022-08-12
317,플라워 플렉스,"인천광역시 중구 영종대로 173, 리치아노 골드 1층 108호 일부호 (운서동)",인천광역시 중구 운서동 3050-2 리치아노 골드 1층 108호 일부호 ,2022-08-12
318,그린스미스&에그존 운서점,"인천광역시 중구 영종대로196번길 25, 운서역더타임 1층 105호 (운서동)",인천광역시 중구 운서동 3098-5 운서역더타임 1층 105호,2022-08-12
319,슈퍼스타 바람돌이,"인천광역시 중구 하늘별빛로65번길 8-21, 썬앤문3 4층 402호 (중산동)",인천광역시 중구 중산동 1883-2 썬앤문3 4층 402호,2022-08-12
320,렌츠(LENTZ),"인천광역시 중구 영종진광장로 32, 오션 솔레뷰 2층 206호 (중산동)",인천광역시 중구 중산동 1947-1 오션 솔레뷰 2층 206호,2022-08-12
321,노틀담베이커리,"인천광역시 중구 서해대로 339, 인천세관 1층 (항동7가)",인천광역시 중구 항동7가 1-18 인천세관 ,2022-08-12
322,제피렐리,"인천광역시 중구 참외전로 162, 지디엔 1, 2층 (경동)",인천광역시 중구 경동 94-2 지디엔 ,2022-08-12
323,이그니토 커피 컴퍼니,"인천광역시 중구 개항로 107-4, 우진플라텍 2,3,4층 (경동)",인천광역시 중구 경동 90 우진플라텍 ,2022-08-12
324,하늘생명나무,"인천광역시 중구 운중로71번길 20, A동 1층 (운남동)",인천광역시 중구 운남동 526-4 A동 1층 ,2022-08-12
325,뭐 먹지?,"인천광역시 중구 월미로234번길 12, 1층 101호 (북성동1가)",인천광역시 중구 북성동1가 98-10 101호,2022-08-12
326,바다의시간,"인천광역시 중구 은하수로 12, 구읍뱃터관광어시장 5층 502호 (중산동)",인천광역시 중구 중산동 1948-1 구읍뱃터관광어시장 502호,2022-08-12
327,카페엠디디(cafe mdd),"인천광역시 중구 신포로23번길 4, 1층 (중앙동4가)",인천광역시 중구 중앙동4가 1-6 ,2022-08-12
328,발도스커피,"인천광역시 중구 우현로 지하 67, 신포지하도상가 지하 1층 186호 (답동)",인천광역시 중구 답동 24-3 신포지하도상가 ,2022-08-12
329,몬스테라,"인천광역시 중구 자연대로 41, 영종스카이스타 1층 111호 일부 (중산동)",인천광역시 중구 중산동 1873-5 영종스카이스타 1층 111호 일부 ,2022-08-12
330,하이오커피 인천오션솔레뷰점,"인천광역시 중구 영종진광장로 32, 오션 솔레뷰 1층 103호 (중산동)",인천광역시 중구 중산동 1947-1 오션 솔레뷰 1층 103호 ,2022-08-12
331,만정카페,"인천광역시 중구 영종순환로 279-40, 1층 일부 (중산동)",인천광역시 중구 중산동 1850-477 1층 일부 ,2022-08-12
332,컴포즈커피 넙디점,"인천광역시 중구 넙디로 28, 미도빌딩2 1층 102호 (운서동)",인천광역시 중구 운서동 2934-2 미도빌딩2 1층 102호,2022-08-12
333,360도 by flower(360도 바이 플라워),"인천광역시 중구 운서로7번길 19, 프란시스 1동 1층 일부 (운서동)",인천광역시 중구 운서동 3060-22 프란시스 1동 1층 일부 ,2022-08-12
334,시나본 영종점,"인천광역시 중구 자연대로 28, 영종그랑블루 1층 103호 (중산동)",인천광역시 중구 중산동 1886-17 영종그랑블루 1층 103호,2022-08-12
335,그린게이블,"인천광역시 중구 자유공원로 17, 1,2,3층 (인현동)",인천광역시 중구 인현동 17-11 ,2022-08-12
336,향기노리,"인천광역시 중구 자유공원로 29, 1층 (내동)",인천광역시 중구 내동 2-25 ,2022-08-12
337,옛다방,"인천광역시 중구 운남로 195, 1층 101호 (운남동)",인천광역시 중구 운남동 1498-7 1층 101호 ,2022-08-12
338,매머드익스프레스 영종하늘별빛점,"인천광역시 중구 하늘중앙로 193, 조양타워 1층 118호 (중산동)",인천광역시 중구 중산동 1882-1 조양타워 1층 118호 ,2022-08-12
339,컴포즈커피 인천 차이나타운점,"인천광역시 중구 제물량로 270, 1층 (북성동2가)",인천광역시 중구 북성동2가 12-12 1층 ,2022-08-12
340,콤피스,"인천광역시 중구 운중로108번길 6, 1층 (운남동)",인천광역시 중구 운남동 25 1층 ,2022-08-12
341,비다,"인천광역시 중구 자연대로567번길 14-24, 1층 (운북동)",인천광역시 중구 운북동 412 1층 ,2022-08-12
342,모리커피 하늘도시점,"인천광역시 중구 자연대로 28, 영종그랑블루 1층 107호 (중산동)",인천광역시 중구 중산동 1886-17 영종그랑블루 1층 107호 ,2022-08-12
343,이십센치(20cm),"인천광역시 중구 제물량로 257-1, 1층 (선린동)",인천광역시 중구 선린동 49 ,2022-08-12
344,카페유로,"인천광역시 중구 용유서로 501, 1층 (을왕동)",인천광역시 중구 을왕동 861 1층 ,2022-08-12
345,매머드 커피 익스프레스 신포점,"인천광역시 중구 우현로 35-1, 1층 일부 및 2층 (신포동)",인천광역시 중구 신포동 16-8 1층 일부 및 2층 ,2022-08-12
346,온갖책방,"인천광역시 중구 하늘별빛로65번길 7-4, 현대프라자 2층 203호 일부 (중산동)",인천광역시 중구 중산동 1885-1 현대프라자 2층 203호 일부 ,2022-08-12
347,쉬는 목요일,"인천광역시 중구 흰바위로59번길 8, 버터플라이시티 1층 110-2호 (운서동)",인천광역시 중구 운서동 2807-4 버터플라이시티 1층 110-2호 ,2022-08-12
348,유캔두잇 영종하늘도시점,"인천광역시 중구 자연대로 37, 스카이가든 1층 104호 (중산동)",인천광역시 중구 중산동 1873-6 스카이가든 1층 104호 ,2022-08-12
349,원유로 스페셜티 영종도 운남동점,"인천광역시 중구 운남로 156, 순영빌딩 1층 102호 (운남동)",인천광역시 중구 운남동 1523-7 순영빌딩 1층 102호 ,2022-08-12
350,텐퍼센트 스페셜티커피 하늘중앙점,"인천광역시 중구 하늘중앙로 193, 조양타워 1층 113호 (중산동)",인천광역시 중구 중산동 1882-1 조양타워 1층 113호 ,2022-08-12
351,천씨씨 영종하늘도시점,"인천광역시 중구 하늘달빛로 90-27, 동오프라자 1층 129호 (중산동)",인천광역시 중구 중산동 1876-8 동오프라자 1층 129호 ,2022-08-12
352,원유로 스페셜티 영종 하늘도시점,"인천광역시 중구 하늘중앙로 193, 조양타워 1층 106호 (중산동)",인천광역시 중구 중산동 1882-1 조양타워 1층 106호 ,2022-08-12
353,커피마마퀸 영종하늘도시점,"인천광역시 중구 하늘중앙로195번길 11, 더테라스2020 1층 104호 (중산동)",인천광역시 중구 중산동 1883-14 더테라스2020 1층 104호 ,2022-08-12
354,일빙,"인천광역시 중구 운서로7번길 60, 1층 101호 (운서동)",인천광역시 중구 운서동 3065-1 1층 101호,2022-08-12
355,비거뉴어리,"인천광역시 중구 도원서길 64, 1층 (도원동)",인천광역시 중구 도원동 26-18 1층 ,2022-08-12
356,소무의도여행자센터영어조합법인,"인천광역시 중구 떼무리길 15, 소무의도스토리움 1층 일부 (무의동)",인천광역시 중구 무의동 849-8 소무의도스토리움 1층 일부 ,2022-08-12
357,빽다방 영종하늘달빛점,"인천광역시 중구 하늘달빛로 94, 대지스타타워 1층 120호 (중산동)",인천광역시 중구 중산동 1875-3 대지스타타워 1층 120호 ,2022-08-12
358,델 플라워 카페,"인천광역시 중구 하늘중앙로 193, 조양타워 1층 130호 일부 (중산동)",인천광역시 중구 중산동 1882-1 조양타워 1층 130호 일부 ,2022-08-12
359,성수미술관 영종도점,"인천광역시 중구 은하수로 12, 구읍뱃터프라자 7층 702호 일부 (중산동)",인천광역시 중구 중산동 1948-1 구읍뱃터프라자 7층 702호 일부 ,2022-08-12
360,디저트카페웜뱃(WOMBAT),"인천광역시 중구 화랑목로 66-9, 1층 일부 (운서동)",인천광역시 중구 운서동 3029-7 1층 일부 ,2022-08-12
361,다올,"인천광역시 중구 햇내로안길 18-6, 1층 (운서동)",인천광역시 중구 운서동 3043-4 1층 ,2022-08-12
362,씨제이프레시웨이(주)아레나스영종물류센터점 카페,"인천광역시 중구 영종순환로900번길 30, 아레나스영종물류센터 6층 일부 (운북동)",인천광역시 중구 운북동 1328-1 아레나스영종물류센터 6층 일부 ,2022-08-12
363,카페카라멜,"인천광역시 중구 햇내로안길 3, 1층 일부 (운서동)",인천광역시 중구 운서동 3041-8 1층 일부 ,2022-08-12
364,카페 마페킹,"인천광역시 중구 신포로23번길 62, 1층 (중앙동2가)",인천광역시 중구 중앙동2가 11 1층 ,2022-08-12
365,더벤티 영종별빛광장점,"인천광역시 중구 하늘별빛로65번길 17, 티엠티타워 1층 102호 (중산동)",인천광역시 중구 중산동 1885-10 티엠티타워 1층 102호 ,2022-08-12
366,카페게이트 인천운서점,"인천광역시 중구 영종대로196번길 26, 응답하라1976 1층 106호 (운서동)",인천광역시 중구 운서동 3092-5 응답하라1976 1층 106호,2022-08-12
367,피에스타7커피 도원스타디움,"인천광역시 중구 참외전로 260, 스타디움 센트럴시티 301동 112호 (도원동)",인천광역시 중구 도원동 75 스타디움 센트럴시티 301동 112호,2022-08-12
368,설빙 영종도점,"인천광역시 중구 하늘중앙로195번길 20, 마지그라운드 2층 205호 (중산동)",인천광역시 중구 중산동 1884-2 마지그라운드 2층 205호 ,2022-08-12
369,비에이커,"인천광역시 중구 차이나타운로52번길 6, 1층 (북성동2가)",인천광역시 중구 북성동2가 10-27 1층 ,2022-08-12
370,달콤비욘드트러스트호점,"인천광역시 중구 연안부두로 88, 인천항 연안여객터미널 제주행 비욘드트러스트호 5층 (항동7가)",인천광역시 중구 항동7가 85-72 인천항 연안여객터미널 제주행 비욘드트러스트호 5층 ,2022-08-12
371,카사(casa),"인천광역시 중구 우현로35번길 21, 1층 일부 및 2층 (신생동)",인천광역시 중구 신생동 2-5 1층 일부 및 2층 ,2022-08-12
372,(주)바운스 스포키 영종도센터,"인천광역시 중구 영종대로196번길 15-25, 120동 2층 252호 (운서동, 운서역 반도유보라 퍼스티지)",인천광역시 중구 운서동 3099-4 운서역 반도유보라 퍼스티지 120동 252호,2022-08-12
373,원바이트 투스푼,"인천광역시 중구 도원로14번길 15-2, 1층 일부 (선화동)",인천광역시 중구 선화동 7-17 1층 일부 ,2022-08-12
374,메가엠지씨커피 영종운남점,"인천광역시 중구 관창로 2, 1층 103,104,105호 (운남동)",인천광역시 중구 운남동 1524-7 ,2022-08-12
375,빽다방 영종운서스카이점,"인천광역시 중구 흰바위로 284, 디딤돌프라자 1층 103호 (운남동)",인천광역시 중구 운남동 1599-11 디딤돌프라자 ,2022-08-12
376,텐퍼센트 커피,"인천광역시 중구 흰바위로 262, 럭키프라자 1층 105호 (운남동)",인천광역시 중구 운남동 1602-6 ,2022-08-12
377,한이답지,"인천광역시 중구 백운로 110-20, 1층 (중산동)",인천광역시 중구 중산동 1225-8 ,2022-08-12
378,제이브로커피,"인천광역시 중구 용유서로 356, 2층 201호 (을왕동)",인천광역시 중구 을왕동 762-25 ,2022-08-12
379,트윗젤 인천공항2호점,"인천광역시 중구 공항로 272, 인천공항제1여객터미널 일반동 4층 (운서동)",인천광역시 중구 운서동 2840 동편 FB3(FB-P6-54) ,2022-08-12
380,트윗젤 인천공항1호점,"인천광역시 중구 공항로 272, 인천공항제1여객터미널 일반동 4층 (운서동)",인천광역시 중구 운서동 2840 서편 FB3(FB-P6-44) ,2022-08-12
381,담장아래 볕,"인천광역시 중구 왕산로 68-22, 1층 (을왕동)",인천광역시 중구 을왕동 880-5 ,2022-08-12
382,카페게이트 영종중산점,"인천광역시 중구 두미포로 113, 상가동 1층 118호 (중산동, 인천영종하늘 호반써밋 스카이센트럴)",인천광역시 중구 중산동 1888-1 인천영종하늘 호반써밋 스카이센트럴(981동 근린생활시설-2) 상가동 118호,2022-08-12
383,시나본 인천공항 문화의거리점,"인천광역시 중구 공항로 272, 인천공항제1터미널 일반동 4층 (운서동)",인천광역시 중구 운서동 2840 인천공항 ,2022-08-12
384,옛길전통차전문점,"인천광역시 중구 송학로 13 (송학동2가, 2층)",인천광역시 중구 송학동2가 1-4 2층 ,2022-08-12
385,마담티(마음담은꽃차),"인천광역시 중구 홍예문로68번길 25, 1층 (전동)",인천광역시 중구 전동 18-21 1층 ,2022-08-12
386,꽃피는 나무 아래서,"인천광역시 중구 햇내로안길 38-1, 101(일부)호 (운서동)",인천광역시 중구 운서동 3031-13 ,
